{
	"config": {
		"reflect": 12,
		"render": 1024,
		"export": 8,
		"bright": 2.0
	},
    "camera": {
		"position": [-1000, 0, 1000],
		"pi": 0.0,
		"theta": 135.0,
		"width": 2100,
		"height": 1600,
		"distance": 15000.0
    },
	"object": {
		"sun": {
			"direction": [1, -1, -1.8],
			"color": [511, 511, 511],
			"dispersion": 1.2
		},
        "plane": [
            {
				"point": [0, 0, -15],
				"normal": [0, 0, 1],
				"color": [248, 232, 238],
				"rough": 0.4
            }
        ],
        "normal_sphere": [
            {
				"center": [0, 17.32050807568877, 0],
				"radius": 15,
				"color": [147, 118, 224],
				"rough": 0.4
			},
            {
				"center": [15, -8.660254037844386, 0],
				"radius": 15,
				"color": [232, 147, 207],
				"rough": 0.4
			},
            {
				"center": [-15, -8.660254037844386, 0],
				"radius": 15,
				"color": [243, 188, 200],
				"rough": 0.4
			},
            {
				"center": [0, 0, 24.494897427831777],
				"radius": 15,
				"color": [255, 211, 163],
				"rough": 0.4
			}
        ]
    }
}